renaming bottom_cabinet-17 to bottom_cabinet-rhdbzv
renaming carpet-0 to carpet-dxcmtt
renaming cup-1 to cup-bomwdn
renaming seashell-0 to seashell-folmbp
renaming carpet-15 to carpet-vnlbqn
renaming door-2 to door-tzxhkh
renaming door-3 to door-qhxzvh
renaming shower-0 to shower-bytgcx
renaming electric_switch-0 to electric_switch-unbvrn
renaming bed-0 to bed-ritomx
renaming chandelier-0 to chandelier-eeppvo
renaming shelf-3 to shelf-pwqkfd
renaming hardback-6 to hardback-xpgoni
renaming hardback-12 to hardback-avussq
renaming hardback-3 to hardback-pbiann
renaming hardback-4 to hardback-vjxxyl
renaming hardback-5 to hardback-unrsqy
renaming wall_socket-0 to wall_socket-nujxel
renaming statue-10 to statue-qbfkek
renaming curtain-3 to curtain-zvulth
renaming magazine-5 to magazine-czdwij
renaming mug-10 to mug-ywmauw
renaming nightstand-10 to nightstand-ryfpck
renaming bed-5 to bed-bloidx
renaming sheet-5 to sheet-qxjxhd
renaming pillow-13 to pillow-wotlnw
renaming blanket-27 to blanket-spxied
renaming hardback-60 to hardback-knaroj
renaming hardback-53 to hardback-jtilkg
renaming ottoman-10 to ottoman-semzln
renaming blender-0 to blender-xnjqix
renaming coatrack-0 to coatrack-hmedjt
renaming knife_block-0 to knife_block-mjywpg
renaming chopping_board-0 to chopping_board-bzauwp
renaming room_light-9 to room_light-kiuayi
renaming flower-19 to flower-qokboq
renaming table_lamp-11 to table_lamp-asesht
renaming hardback-52 to hardback-ypcrah
renaming statue-4 to statue-qhrqcm
renaming floor_lamp-13 to floor_lamp-gjcpvv
renaming alarm_clock-0 to alarm_clock-iskjcd
renaming ottoman-0 to ottoman-efvrdp
renaming basket-3 to basket-ceftqq
renaming wall_mounted_tv-0 to wall_mounted_tv-dcwyap
renaming basket-0 to basket-kueumg
renaming bottle-1 to bottle-gdpkwv
renaming bottle-2 to bottle-vihlyi
renaming bottle-3 to bottle-cathhc
renaming mug-3 to mug-uoichg
renaming hardback-7 to hardback-fxbqpb
renaming decoration-1 to decoration-uaiqyn
renaming picture-7 to picture-vzdaqb
renaming picture-6 to picture-ffdqds
renaming picture-2 to picture-wflebk
renaming picture-3 to picture-byrfme
renaming picture-5 to picture-oqmhwq
renaming hardback-8 to hardback-gjsuag
renaming hardback-9 to hardback-senzjd
renaming hardback-14 to hardback-agphqf
renaming hardback-11 to hardback-ebsemo
renaming pencil_holder-0 to pencil_holder-cydkxx
renaming plate-2 to plate-qjhhmi
renaming picture-4 to picture-mgaqhs
renaming hardback-13 to hardback-pdpjrp
renaming hardback-16 to hardback-rqmnho
renaming hardback-18 to hardback-zqjdsf
renaming hardback-19 to hardback-qjhlyf
renaming eyeglasses-0 to eyeglasses-dujwjz
renaming notebook-0 to notebook-uvxtzf
renaming folder-0 to folder-jtsetw
renaming hardback-23 to hardback-ounqjm
renaming pencil-2 to pencil-ssflti
renaming magazine_rack-0 to magazine_rack-neauuw
renaming magazine-0 to magazine-ilkrsq
renaming camera-0 to camera-wziigb
renaming sound_system-1 to sound_system-mwwmiu
renaming stool-0 to stool-mlwqrt
renaming hardback-24 to hardback-hgekom
renaming hardback-26 to hardback-zjhghc
renaming hardback-25 to hardback-eiunzs
renaming decoration-4 to decoration-ntgqmu
renaming hardback-27 to hardback-uynpqm
renaming table_lamp-30 to table_lamp-rtlrnr
renaming water_bottle-0 to water_bottle-bwkpty
renaming bottle_cap-1 to bottle_cap-bpnyon
renaming desk-1 to desk-zvpzhl
renaming table_lamp-0 to table_lamp-wgbefd
renaming sound_system-0 to sound_system-kssfsw
renaming carpet-5 to carpet-flelfz
renaming showerhead-0 to showerhead-ibywig
renaming bathtub-0 to bathtub-pmulfb
renaming sink-0 to sink-pidrun
renaming flower-0 to flower-qiktis
renaming showerhead-1 to showerhead-qcaaji
renaming bath_towel-0 to bath_towel-dtwghu
renaming cart-0 to cart-pusmlj
renaming digital_scale-0 to digital_scale-jldyad
renaming sofa-0 to sofa-fktiox
renaming pot_plant-1 to pot_plant-bagfoo
renaming pot_plant-0 to pot_plant-oejgln
renaming bottle-0 to bottle-tiuwrc
renaming bottle_cap-0 to bottle_cap-sczrcg
renaming coffee_table-0 to coffee_table-duxosz
renaming picture-38 to picture-zpjfia
renaming picture-30 to picture-cmhjky
renaming picture-31 to picture-mdrblf
renaming picture-33 to picture-ynjscw
renaming painting-0 to painting-rxhwiv
renaming painting-1 to painting-ixgdjt
renaming painting-2 to painting-uqputb
renaming painting-3 to painting-lezork
renaming painting-4 to painting-ckkvxf
renaming painting-5 to painting-qdmqtv
renaming painting-6 to painting-unmnmy
renaming downlight-13 to downlight-pxrmnt
renaming wall_mounted_light-5 to wall_mounted_light-mbhxbg
renaming soap_dispenser-3 to soap_dispenser-ycvrcg
renaming vase-10 to vase-xfduug
renaming flower-5 to flower-ldkhmx
renaming hair_dryer-0 to hair_dryer-qacdxx
renaming washer-34 to washer-ziomqg
renaming picture-20 to picture-hffaxw
renaming mirror-11 to mirror-edxfnt
renaming sink-10 to sink-hecjnt
renaming soap-0 to soap-ofargb
renaming hand_towel-1 to hand_towel-klevhj
renaming bottom_cabinet-12 to bottom_cabinet-tjextj
renaming sofa-19 to sofa-frlxgz
renaming pillow-93 to pillow-nxosyv
renaming pillow-94 to pillow-mcaxez
renaming hardback-120 to hardback-rdqqum
renaming hardback-121 to hardback-lqdzfa
renaming hardback-122 to hardback-numppv
renaming bowl-15 to bowl-xplzbo
renaming picture-90 to picture-oshvew
renaming jar-135 to jar-ifgcmr
renaming lid-135 to lid-fvebnu
renaming notebook-50 to notebook-qwhiqc
renaming carafe-1 to carafe-hdbsog
renaming pencil-130 to pencil-efaadr
renaming pencil_holder-15 to pencil_holder-jyetcl
renaming magazine-74 to magazine-zfeoeu
renaming pot_plant-16 to pot_plant-nwuuca
renaming pot_plant-15 to pot_plant-usrbxb
renaming hall_tree-0 to hall_tree-upkvgr
renaming sign-51 to sign-xzsmxq
renaming hall_tree-1 to hall_tree-daxzaw
renaming vase-60 to vase-gopbrh
renaming vase-70 to vase-wltgjn
renaming vase-71 to vase-stqkvx
renaming vase-72 to vase-jpwsrp
renaming sign-0 to sign-rypeha
renaming vase-55 to vase-ysdoep
renaming vase-56 to vase-bedkqu
renaming flower-10 to flower-tfvsai
renaming picture_frame-55 to picture_frame-vmyqsm
renaming bowl-20 to bowl-gwhcty
renaming carpet-1 to carpet-eayztt
renaming picture-74 to picture-qlkknu
renaming desk_phone-0 to desk_phone-gntohf
renaming suitcase-15 to suitcase-fqsjey
renaming mirror-10 to mirror-wwkuuf
renaming picture_frame-35 to picture_frame-fgsgpu
renaming door-31 to door-bexenl
renaming fence-0 to fence-owbrvb
renaming walls-0 to walls-wedbui
renaming shelf-8 to shelf-gjkkjq
renaming curtain-5 to curtain-qpwbpf
renaming bottom_cabinet-5 to bottom_cabinet-jnsfoj
renaming mug-17 to mug-jpxzde
renaming decoration-10 to decoration-qoussc
renaming keyboard-3 to keyboard-irnaez
renaming monitor-11 to monitor-hfbfnv
renaming mouse-5 to mouse-varxso
renaming desk-5 to desk-tluyiz
renaming pen-9 to pen-erovyl
renaming hardback-10 to hardback-wnwsks
renaming pen-5 to pen-kpzjeu
renaming notebook-5 to notebook-bithtb
renaming pillow-18 to pillow-bhlqgx
renaming blanket-18 to blanket-lnlwpw
renaming nightstand-3 to nightstand-xxzker
renaming bed-16 to bed-ajtdah
renaming table_lamp-13 to table_lamp-shkchc
renaming picture_frame-3 to picture_frame-tblosa
renaming hardback-70 to hardback-gyehrl
renaming hardback-71 to hardback-pdjrks
renaming hardback-72 to hardback-vvhorv
renaming swivel_chair-10 to swivel_chair-rcxyto
renaming hardback-311 to hardback-qpzopr
renaming hardback-302 to hardback-ntgcjb
renaming hardback-334 to hardback-nvtyee
renaming bottom_cabinet-11 to bottom_cabinet-mdkhac
renaming shelf-11 to shelf-loosio
renaming shelf-12 to shelf-omvmij
renaming walls-3 to walls-ociarn
renaming garage_door-0 to garage_door-prdjyt
renaming stairs-0 to stairs-bpiigv
renaming railing-1 to railing-abssre
renaming pot_plant-10 to pot_plant-mfnact
renaming vase-90 to vase-dfjcsi
renaming grill-0 to grill-sxfjac
renaming laptop-10 to laptop-okguwr
renaming hardback-301 to hardback-isvrlg
renaming floor_lamp-31 to floor_lamp-advshu
renaming shelf-0 to shelf-nusyhc
renaming cup-0 to cup-vkhzrh
renaming tray-0 to tray-wlipxf
renaming plate-0 to plate-wneawb
renaming desk_organizer-1 to desk_organizer-xzjpmj
renaming armchair-3 to armchair-lmpihm
renaming desk-0 to desk-etejnb
renaming pencil-0 to pencil-zzetxk
renaming table_lamp-1 to table_lamp-qvhkqq
renaming magazine-73 to magazine-lkrebj
renaming trash_can-0 to trash_can-lbhdnf
renaming vase-0 to vase-qwowzc
renaming pillow-0 to pillow-blzsht
renaming pillow-1 to pillow-uhavhy
renaming pillow-2 to pillow-tnqmsy
renaming pillow-3 to pillow-oywdff
renaming pillow-4 to pillow-mbzpbc
renaming background-0 to background-vtfqjb
renaming car-0 to car-axfrio
renaming mirror-0 to mirror-akofyx
renaming hook-0 to hook-bxplcv
renaming bidet-0 to bidet-jumsit
renaming spotlight-0 to spotlight-jwkfvq
renaming downlight-0 to downlight-cezgao
renaming bottle-4 to bottle-fqnpzk
renaming towel_rack-0 to towel_rack-wohfsu
renaming wall_mounted_light-1 to wall_mounted_light-dlbojl
renaming picture-0 to picture-gsfczz
renaming pillow-10 to pillow-zsdffd
renaming pillow-11 to pillow-asqbbq
renaming sheet-0 to sheet-clhoue
renaming nightstand-5 to nightstand-adiusg
renaming shelf-4 to shelf-pfejrz
renaming painting-7 to painting-pzfawz
renaming pine_cone-0 to pine_cone-ayffrn
renaming pine_cone-1 to pine_cone-dflscy
renaming pine_cone-2 to pine_cone-kxhmja
renaming loudspeaker-0 to loudspeaker-zofphs
renaming mug-2 to mug-brdmof
renaming hardback-21 to hardback-bqlcsu
renaming hardback-22 to hardback-xxwfnm
renaming floor_lamp-3 to floor_lamp-drthny
renaming plate-5 to plate-tinual
renaming hardback-30 to hardback-kptiqy
renaming hardback-31 to hardback-deqbgs
renaming hardback-32 to hardback-clfkcy
renaming hardback-33 to hardback-fqetyl
renaming downlight-2 to downlight-dzayeq
renaming basket-2 to basket-zqaaqu
renaming picture-37 to picture-hdynei
renaming picture-36 to picture-sczmsm
renaming picture-35 to picture-vbskiu
renaming picture-34 to picture-dnqjvw
renaming window-10 to window-jjltwi
renaming picture-40 to picture-bloiwc
renaming picture-41 to picture-obnmkk
renaming picture-42 to picture-rkblet
renaming picture-43 to picture-iguzsp
renaming picture-44 to picture-horxfw
renaming picture-45 to picture-gfqrzz
renaming picture-46 to picture-lumkhx
renaming picture-47 to picture-tbqqrv
renaming shelf-10 to shelf-mlwmtl
renaming pillow-14 to pillow-nqcasi
renaming pillow-19 to pillow-gcgkck
renaming blanket-5 to blanket-yseuto
renaming hardback-54 to hardback-ezwfqn
renaming ottoman-24 to ottoman-jupcbq
renaming pillow-24 to pillow-eyeuta
renaming hardback-50 to hardback-ugxyau
renaming hardback-51 to hardback-dmadix
renaming statue-0 to statue-hyfdco
renaming statue-1 to statue-jlerhz
renaming statue-2 to statue-ozthis
renaming statue-3 to statue-lmungn
renaming window-16 to window-hqbiht
renaming room_divider-0 to room_divider-qrcgyv
renaming pillow-17 to pillow-gcafrs
renaming sheet-8 to sheet-fxypvk
renaming painting-50 to painting-xydkyk
renaming backpack-0 to backpack-siwaek
renaming wall_socket-5 to wall_socket-xifmjx
renaming painting-51 to painting-jftshy
renaming vase-11 to vase-vmbzmm
renaming motion_sensor-0 to motion_sensor-aecflf
renaming toilet-97 to toilet-essgie
renaming door-18 to door-vudhlc
renaming picture_frame-50 to picture_frame-kncybf
renaming picture_frame-51 to picture_frame-nrviiu
renaming picture_frame-52 to picture_frame-yxmjdx
renaming picture_frame-53 to picture_frame-byaund
renaming picture_frame-54 to picture_frame-lsqclh
renaming vase-58 to vase-qebiei
renaming vase-54 to vase-mdmwcs
renaming vase-57 to vase-atgnsc
renaming vase-59 to vase-zaziny
renaming picture-70 to picture-ekagyj
renaming picture-71 to picture-jnecmu
renaming picture-72 to picture-yzbpie
renaming picture-73 to picture-tveyoh
renaming floor_lamp-10 to floor_lamp-uivlzf
renaming downlight-20 to downlight-pawfmw
renaming top_cabinet-5 to top_cabinet-tynnnw
renaming range_hood-0 to range_hood-xvdfpp
renaming lid-20 to lid-egfobe
renaming casserole-20 to casserole-ncbsee
renaming bottom_cabinet-19 to bottom_cabinet-byvbuc
renaming armchair-0 to armchair-uofiqj
renaming armchair-1 to armchair-zdhnyg
renaming armchair-2 to armchair-hgunnf
renaming breakfast_table-0 to breakfast_table-xftrki
renaming window-91 to window-kvdqep
renaming garden_plant-3 to garden_plant-kogeoa
renaming garden_plant-0 to garden_plant-imcbax
renaming garden_plant-2 to garden_plant-edeaib
renaming garden_plant-1 to garden_plant-zzijji
renaming globe-0 to globe-xsmsyk
renaming pencil_holder-90 to pencil_holder-qwqsgi
renaming carving_knife-70 to carving_knife-oxvnsa
renaming carving_knife-71 to carving_knife-xsjhji
renaming carving_knife-72 to carving_knife-icxnkd
renaming teaspoon-8 to teaspoon-wzsvzv
renaming mug-69 to mug-dhnxww
renaming tablefork-19 to tablefork-osfjvs
renaming tray-10 to tray-mkdcha
renaming table_knife-19 to table_knife-nvwmkx
renaming spoon-19 to spoon-qpznpb
renaming room_light-90 to room_light-ltnnrc
renaming tree-10 to tree-jrfzkz
renaming tree-14 to tree-jcnnpa
renaming tree-12 to tree-jdqewq
renaming tree-11 to tree-uhoivn
renaming tree-13 to tree-rhzsuq
renaming garden_plant-13 to garden_plant-ofatew
renaming garden_plant-14 to garden_plant-ydshxa
renaming garden_plant-10 to garden_plant-oskxow
renaming garden_plant-12 to garden_plant-hqdish
renaming garden_plant-11 to garden_plant-zjwdkc
renaming garden_light-0 to garden_light-qyfrwj
renaming room_light-3 to room_light-eqbjaz
renaming playground-0 to playground-xdlcdi
renaming swing-0 to swing-yzhrgz
renaming pillow-121 to pillow-bszeyg
renaming pillow-124 to pillow-ikzabe
renaming pillow-125 to pillow-ermyjf
renaming pillow-126 to pillow-dkrddy
renaming garden_chair-1 to garden_chair-cottya
renaming pillow-120 to pillow-fopwio
renaming pillow-122 to pillow-apnicw
renaming pillow-123 to pillow-ddfduj
renaming garden_chair-0 to garden_chair-lraplz
renaming pillow-127 to pillow-kvqbla
renaming laptop-1 to laptop-pczjnr
renaming coffee_table-10 to coffee_table-koagbh
renaming ottoman-31 to ottoman-wxodip
renaming sign-100 to sign-hgonwj
renaming postcard-0 to postcard-aujfqp
renaming picture-102 to picture-qlsyco
renaming picture-101 to picture-ggajdz
renaming shelf-16 to shelf-vanltx
renaming storage_box-99 to storage_box-aqdbdu
renaming lid-99 to lid-mdowoz
renaming hardback-113 to hardback-wxcndu
renaming hardback-114 to hardback-vsbhgn
renaming hardback-112 to hardback-vdchph
renaming hardback-111 to hardback-lxbcpf
renaming hardback-110 to hardback-yjkktz
renaming vase-99 to vase-icpews
renaming hardback-107 to hardback-jvgryr
renaming hardback-106 to hardback-gznwgd
renaming hardback-105 to hardback-itskbu
renaming candle_holder-10 to candle_holder-wiufnv
renaming candle-10 to candle-poexjo
renaming candle-11 to candle-mxjejs
renaming candle_holder-11 to candle_holder-nygnlp
renaming candle-12 to candle-ghctun
renaming candle_holder-12 to candle_holder-tnlkzg
renaming storage_box-111 to storage_box-eicujj
renaming lid-111 to lid-lryrtt
renaming chopping_board-15 to chopping_board-mqsqhl
renaming storage_box-110 to storage_box-bwbpvg
renaming lid-110 to lid-qkpdih
renaming wall_mounted_tv-15 to wall_mounted_tv-dxyfxf
renaming hardback-131 to hardback-ucicpd
renaming hardback-132 to hardback-axvnml
renaming walls-1 to walls-pcbfvo
renaming walls-2 to walls-pgmwwz
renaming ceilings-1 to ceilings-eivjag
renaming ceilings-0 to ceilings-fzisrr
renaming floors-1 to floors-zhqsub
renaming floors-0 to floors-xqgwla
renaming floors-3 to floors-qwzkxn
renaming floors-4 to floors-ghetev
renaming oven-0 to oven-insidq
renaming stove-0 to stove-mdanhg
renaming sink-90 to sink-egwapq
renaming lawn-0 to lawn-ogzsvf
renaming driveway-0 to driveway-qbxmgb
renaming hardback-300 to hardback-vggezj
renaming hardback-303 to hardback-edzchy
renaming hardback-304 to hardback-iqoblf
renaming hardback-305 to hardback-lipwou
renaming hardback-306 to hardback-bmobgh
renaming hardback-307 to hardback-fzpwiu
renaming hardback-308 to hardback-edlnjm
renaming hardback-312 to hardback-eqbfck
renaming hardback-309 to hardback-alcael
renaming hardback-310 to hardback-vqxwpn
renaming hardback-320 to hardback-usbrwx
renaming hardback-321 to hardback-cuukdb
renaming hardback-322 to hardback-yreioi
renaming hardback-323 to hardback-xjyyoi
renaming hardback-324 to hardback-udeosw
renaming hardback-325 to hardback-xritzx
renaming hardback-330 to hardback-kmazsb
renaming hardback-331 to hardback-ulqagg
renaming hardback-332 to hardback-tfzjxx
renaming hardback-333 to hardback-wwegxh